{"cameraMode":{"drawMode":0,"name":"Shaded","section":"Shading Mode"},"sceneLighting":false,"audioPlay":false,"sceneViewState":{"m_AlwaysRefresh":false,"showFog":true,"showSkybox":false,"showFlares":true,"showImageEffects":true,"showParticleSystems":true,"showVisualEffectGraphs":true,"m_FxEnabled":true},"in2DMode":false,"pivot":{"x":0.033791959285736087,"y":0.8153038024902344,"z":1.645928978919983},"rotation":{"x":-0.42566996812820437,"y":-0.2504826784133911,"z":0.12388865649700165,"w":-0.860654890537262},"size":0.8374066948890686,"orthographic":false}