{"cameraMode":{"drawMode":0,"name":"Shaded","section":"Shading Mode"},"sceneLighting":false,"audioPlay":false,"sceneViewState":{"m_AlwaysRefresh":false,"showFog":true,"showSkybox":false,"showFlares":true,"showImageEffects":true,"showParticleSystems":true,"showVisualEffectGraphs":true,"m_FxEnabled":true},"in2DMode":false,"pivot":{"x":2.2757949829101564,"y":0.2888820469379425,"z":0.38757726550102236},"rotation":{"x":0.0614045113325119,"y":0.9250733256340027,"z":-0.17006482183933259,"w":0.3339998424053192},"size":0.8660253882408142,"orthographic":false}