{"cameraMode":{"drawMode":0,"name":"Shaded","section":"Shading Mode"},"sceneLighting":false,"audioPlay":false,"sceneViewState":{"m_AlwaysRefresh":false,"showFog":true,"showSkybox":false,"showFlares":true,"showImageEffects":true,"showParticleSystems":true,"showVisualEffectGraphs":true,"m_FxEnabled":true},"in2DMode":false,"pivot":{"x":0.012980818748474121,"y":2.837606430053711,"z":-0.4456357955932617},"rotation":{"x":-0.13239522278308869,"y":0.8377923965454102,"z":-0.4755924344062805,"w":-0.23323136568069459},"size":0.948864758014679,"orthographic":false}